image_name,image_path,label_name,label
BS641UN2P96LGEEOBSLE.jpg,./databases/Sampledb/audi_a3_2006/BS641UN2P96LGEEOBSLE.jpg,audi_a3_2006,1
711Y7BE6G1D5XGPJMLD8.jpg,./databases/Sampledb/audi_a3_2006/711Y7BE6G1D5XGPJMLD8.jpg,audi_a3_2006,1
BW21XX84M2VRT4Y5UBI7.jpg,./databases/Sampledb/audi_a3_2006/BW21XX84M2VRT4Y5UBI7.jpg,audi_a3_2006,1
62G677IWFL0TP3MXRYT7.jpg,./databases/Sampledb/audi_a3_2006/62G677IWFL0TP3MXRYT7.jpg,audi_a3_2006,1
00NSAXCGQK2BCS3V21GN.jpg,./databases/Sampledb/mercedes benz_200_2016/00NSAXCGQK2BCS3V21GN.jpg,mercedes benz_200_2016,13
P8UR8503S1GSRQXPTZ81.jpg,./databases/Sampledb/audi_a3_2006/P8UR8503S1GSRQXPTZ81.jpg,audi_a3_2006,1
5VWYKDKVG5K92S7YKWKA.jpg,./databases/Sampledb/audi_q7_2011/5VWYKDKVG5K92S7YKWKA.jpg,audi_q7_2011,7
ROJH4VTD9X17EXLN6QZY.jpg,./databases/Sampledb/mercedes benz_b 180_2013/ROJH4VTD9X17EXLN6QZY.jpg,mercedes benz_b 180_2013,5
6HYV4HAXG2HLXUENC8NA.jpg,./databases/Sampledb/audi_a3_2006/6HYV4HAXG2HLXUENC8NA.jpg,audi_a3_2006,1
3Z2I1Y5RIF6R5J08Q0XO.jpg,./databases/Sampledb/mercedes benz_b 180_2013/3Z2I1Y5RIF6R5J08Q0XO.jpg,mercedes benz_b 180_2013,5
NMNPUP1HQ497VR84ZBXP.jpg,./databases/Sampledb/mercedes benz_190_1993/NMNPUP1HQ497VR84ZBXP.jpg,mercedes benz_190_1993,3
2WQ84LMCJQRBMENZYYZJ.jpg,./databases/Sampledb/audi_a3_2006/2WQ84LMCJQRBMENZYYZJ.jpg,audi_a3_2006,1
KO8SFFD0GFEHBEJPTWOV.jpg,./databases/Sampledb/audi_a3_2006/KO8SFFD0GFEHBEJPTWOV.jpg,audi_a3_2006,1
83RGG1SKC08YXJTNNOH7.jpg,./databases/Sampledb/audi_a3_2006/83RGG1SKC08YXJTNNOH7.jpg,audi_a3_2006,1
RRC8TMNKGNE00K25BZH2.jpg,./databases/Sampledb/bmw_series 3_2014/RRC8TMNKGNE00K25BZH2.jpg,bmw_series 3_2014,11
DU4MTGIOEBCXZ7VN8K59.jpg,./databases/Sampledb/bmw_x5_2019/DU4MTGIOEBCXZ7VN8K59.jpg,bmw_x5_2019,2
9GAG6ARPWD49733U0LGL.jpg,./databases/Sampledb/audi_a3_2006/9GAG6ARPWD49733U0LGL.jpg,audi_a3_2006,1
9JDSCSDJ64KAJPTC3KIZ.jpg,./databases/Sampledb/audi_a3_2006/9JDSCSDJ64KAJPTC3KIZ.jpg,audi_a3_2006,1
BJHVBR55SIJG9EUHF1NA.jpg,./databases/Sampledb/audi_a3_2006/BJHVBR55SIJG9EUHF1NA.jpg,audi_a3_2006,1
CVQZ9NWV7RW0BRE0KLDR.jpg,./databases/Sampledb/audi_a3_2006/CVQZ9NWV7RW0BRE0KLDR.jpg,audi_a3_2006,1
X2YQWTNL0UVPSXTEK6X6.jpg,./databases/Sampledb/bmw_series 3_2014/X2YQWTNL0UVPSXTEK6X6.jpg,bmw_series 3_2014,11
40OU953VKI9P982ZXNLN.jpg,./databases/Sampledb/mercedes benz_b 180_2013/40OU953VKI9P982ZXNLN.jpg,mercedes benz_b 180_2013,5
BOD8LQBX1XGA9K8AZ4MA.jpg,./databases/Sampledb/audi_a3_2006/BOD8LQBX1XGA9K8AZ4MA.jpg,audi_a3_2006,1
CA8YEQ8GOP0BLBTN9D6I.jpg,./databases/Sampledb/mercedes benz_b 180_2013/CA8YEQ8GOP0BLBTN9D6I.jpg,mercedes benz_b 180_2013,5
0SCIEMZRHOJNP3X18VZB.jpg,./databases/Sampledb/audi_a3_2006/0SCIEMZRHOJNP3X18VZB.jpg,audi_a3_2006,1
UU6GU4DQXQ79OF6M2PO6.jpg,./databases/Sampledb/audi_a3_2006/UU6GU4DQXQ79OF6M2PO6.jpg,audi_a3_2006,1
9GWUIUGH0QWENFD4YMFM.jpg,./databases/Sampledb/bmw_318_2010/9GWUIUGH0QWENFD4YMFM.jpg,bmw_318_2010,12
1BXGR9OKCYCU0GT32O33.jpg,./databases/Sampledb/bmw_x5_2019/1BXGR9OKCYCU0GT32O33.jpg,bmw_x5_2019,2
743B2MKWBIXKIMI80AWF.jpg,./databases/Sampledb/audi_a3_2006/743B2MKWBIXKIMI80AWF.jpg,audi_a3_2006,1
D0OV6AT9SPIGCS8DYAOY.jpg,./databases/Sampledb/mercedes benz_190_1993/D0OV6AT9SPIGCS8DYAOY.jpg,mercedes benz_190_1993,3
I2ES70N4XDI0X18WE64B.jpg,./databases/Sampledb/bmw_318_2010/I2ES70N4XDI0X18WE64B.jpg,bmw_318_2010,12
A4TWGN0TEGT7Z4DZ2VG8.jpg,./databases/Sampledb/mercedes benz_b 180_2014/A4TWGN0TEGT7Z4DZ2VG8.jpg,mercedes benz_b 180_2014,8
NSKOBLVN40N8M8U9VZSQ.jpg,./databases/Sampledb/bmw_series 3_2014/NSKOBLVN40N8M8U9VZSQ.jpg,bmw_series 3_2014,11
UT09H96Z6ES9H7RS9MIZ.jpg,./databases/Sampledb/audi_a3_2006/UT09H96Z6ES9H7RS9MIZ.jpg,audi_a3_2006,1
V06FLRX1UALGIUR8K0PG.jpg,./databases/Sampledb/mercedes benz_b 180_2013/V06FLRX1UALGIUR8K0PG.jpg,mercedes benz_b 180_2013,5
3W3WM5FPSULS6VY2WH3L.jpg,./databases/Sampledb/bmw_318_2010/3W3WM5FPSULS6VY2WH3L.jpg,bmw_318_2010,12
JBZTFJ1DNF61T2EH2T0B.jpg,./databases/Sampledb/audi_a3_2006/JBZTFJ1DNF61T2EH2T0B.jpg,audi_a3_2006,1
Q2JKGQ6OCQD1NTH3UB0Y.jpg,./databases/Sampledb/dacia_sandero_2015/Q2JKGQ6OCQD1NTH3UB0Y.jpg,dacia_sandero_2015,10
L1UN277GO900OFC9DGVK.jpg,./databases/Sampledb/mercedes benz_200_2016/L1UN277GO900OFC9DGVK.jpg,mercedes benz_200_2016,13
TZHZTC6C4194KRSBFG1Y.jpg,./databases/Sampledb/bmw_series 3_2014/TZHZTC6C4194KRSBFG1Y.jpg,bmw_series 3_2014,11
LSZY6LQLAGWQHQC8DZHB.jpg,./databases/Sampledb/audi_a3_2006/LSZY6LQLAGWQHQC8DZHB.jpg,audi_a3_2006,1
N89ZMMUNRCTFTZQ0IJ9H.jpg,./databases/Sampledb/audi_a3_2006/N89ZMMUNRCTFTZQ0IJ9H.jpg,audi_a3_2006,1
449Y1V220HK4Y1G0F215.jpg,./databases/Sampledb/mercedes benz_b 180_2013/449Y1V220HK4Y1G0F215.jpg,mercedes benz_b 180_2013,5
5UQ8UIKWMXGUHUWCWQCM.jpg,./databases/Sampledb/bmw_318_2010/5UQ8UIKWMXGUHUWCWQCM.jpg,bmw_318_2010,12
4935O4SQ16B05CTYRHHE.jpg,./databases/Sampledb/dacia_sandero_2008/4935O4SQ16B05CTYRHHE.jpg,dacia_sandero_2008,4
T798MJFQRAEZAT2PKDBZ.jpg,./databases/Sampledb/audi_a3_2006/T798MJFQRAEZAT2PKDBZ.jpg,audi_a3_2006,1
2UQFTVPDF1E90EVP7K2Q.jpg,./databases/Sampledb/bmw_series 3_2014/2UQFTVPDF1E90EVP7K2Q.jpg,bmw_series 3_2014,11
5RY5AT53SZDHDA33JYOR.jpg,./databases/Sampledb/audi_a3_2006/5RY5AT53SZDHDA33JYOR.jpg,audi_a3_2006,1
9K414MBNTVXMKRKIS3FR.jpg,./databases/Sampledb/mercedes benz_b 180_2013/9K414MBNTVXMKRKIS3FR.jpg,mercedes benz_b 180_2013,5
XEMQP49DA356HQ10YQO8.jpg,./databases/Sampledb/audi_a3_2006/XEMQP49DA356HQ10YQO8.jpg,audi_a3_2006,1
YNT0370UFBET2NLT086B.jpg,./databases/Sampledb/audi_a3_2006/YNT0370UFBET2NLT086B.jpg,audi_a3_2006,1
OBJILKXS40AGXZ0ESQKH.jpg,./databases/Sampledb/audi_a2_2001/OBJILKXS40AGXZ0ESQKH.jpg,audi_a2_2001,0
NSK5R36WGU96A24JA78T.jpg,./databases/Sampledb/audi_a3_2006/NSK5R36WGU96A24JA78T.jpg,audi_a3_2006,1
G2ZR85K8649CW7FU86EX.jpg,./databases/Sampledb/audi_a3_2006/G2ZR85K8649CW7FU86EX.jpg,audi_a3_2006,1
GUB3HIX43ZU969ZGZLDG.jpg,./databases/Sampledb/bmw_x5_2019/GUB3HIX43ZU969ZGZLDG.jpg,bmw_x5_2019,2
PCZUJWK13GDLS8J1B3AE.jpg,./databases/Sampledb/mercedes benz_b 180_2013/PCZUJWK13GDLS8J1B3AE.jpg,mercedes benz_b 180_2013,5
IG17BNC2SU37V92RVV9G.jpg,./databases/Sampledb/audi_a3_2006/IG17BNC2SU37V92RVV9G.jpg,audi_a3_2006,1
B9C3JSX4AIZBKCPGRSQ3.jpg,./databases/Sampledb/audi_a3_2006/B9C3JSX4AIZBKCPGRSQ3.jpg,audi_a3_2006,1
714LFD4JIU6IPTIGEX7H.jpg,./databases/Sampledb/bmw_series 3_2014/714LFD4JIU6IPTIGEX7H.jpg,bmw_series 3_2014,11
34PPBUXTHI0AAW8EDKLQ.jpg,./databases/Sampledb/mercedes benz_b 180_2013/34PPBUXTHI0AAW8EDKLQ.jpg,mercedes benz_b 180_2013,5
6FF1V8POSDEEH1XZ3ERM.jpg,./databases/Sampledb/audi_a3_2006/6FF1V8POSDEEH1XZ3ERM.jpg,audi_a3_2006,1
HVI7LIMSU71GZYFOXXFX.jpg,./databases/Sampledb/audi_a3_2006/HVI7LIMSU71GZYFOXXFX.jpg,audi_a3_2006,1
5Q8RAUVKKI2XG5E04TLL.jpg,./databases/Sampledb/audi_a3_2006/5Q8RAUVKKI2XG5E04TLL.jpg,audi_a3_2006,1
XHJPPQIF00PO2QWO1OVC.jpg,./databases/Sampledb/audi_a3_2006/XHJPPQIF00PO2QWO1OVC.jpg,audi_a3_2006,1
LLTNADVSD1296CEMS0UX.jpg,./databases/Sampledb/mercedes benz_b 180_2013/LLTNADVSD1296CEMS0UX.jpg,mercedes benz_b 180_2013,5
DPR32Z8IVDO7EK18AK2T.jpg,./databases/Sampledb/audi_a3_2006/DPR32Z8IVDO7EK18AK2T.jpg,audi_a3_2006,1
VO4EI8EU5H5MMQJV0GFU.jpg,./databases/Sampledb/audi_a3_2006/VO4EI8EU5H5MMQJV0GFU.jpg,audi_a3_2006,1
RDCNZQZU7LHT276XTVHQ.jpg,./databases/Sampledb/audi_a3_2006/RDCNZQZU7LHT276XTVHQ.jpg,audi_a3_2006,1
9PCUQHR5FJMI1ABGHFOY.jpg,./databases/Sampledb/audi_a3_2006/9PCUQHR5FJMI1ABGHFOY.jpg,audi_a3_2006,1
K4WM7U8335GAAV0TABAZ.jpg,./databases/Sampledb/mercedes benz_b 180_2013/K4WM7U8335GAAV0TABAZ.jpg,mercedes benz_b 180_2013,5
QG6C6HFCK9OECJ9SWSGW.jpg,./databases/Sampledb/mercedes benz_b 180_2013/QG6C6HFCK9OECJ9SWSGW.jpg,mercedes benz_b 180_2013,5
TZ3XJWVAJX7EM33B8ON2.jpg,./databases/Sampledb/audi_a3_2006/TZ3XJWVAJX7EM33B8ON2.jpg,audi_a3_2006,1
BDLUYBK8T4LVV2F6UINJ.jpg,./databases/Sampledb/mercedes benz_b 180_2013/BDLUYBK8T4LVV2F6UINJ.jpg,mercedes benz_b 180_2013,5
M8DFTJBOT119D9TFVUUA.jpg,./databases/Sampledb/audi_a3_2006/M8DFTJBOT119D9TFVUUA.jpg,audi_a3_2006,1
2GFC1MQO5675MP4LRSZ1.jpg,./databases/Sampledb/mercedes benz_b 180_2013/2GFC1MQO5675MP4LRSZ1.jpg,mercedes benz_b 180_2013,5
RT5AZ82CB75S4X1Y3L0M.jpg,./databases/Sampledb/mercedes benz_b 180_2013/RT5AZ82CB75S4X1Y3L0M.jpg,mercedes benz_b 180_2013,5
HTI9KWLXGM0B1XBKCFBT.jpg,./databases/Sampledb/audi_a3_2006/HTI9KWLXGM0B1XBKCFBT.jpg,audi_a3_2006,1
POL3WIEGCS9G5MH0U7SK.jpg,./databases/Sampledb/bmw_318_2010/POL3WIEGCS9G5MH0U7SK.jpg,bmw_318_2010,12
K4FJX40TA8THX2GI8JPN.jpg,./databases/Sampledb/bmw_series 3_2014/K4FJX40TA8THX2GI8JPN.jpg,bmw_series 3_2014,11
JDIOH6FMDM9772M5G766.jpg,./databases/Sampledb/bmw_series 3_2014/JDIOH6FMDM9772M5G766.jpg,bmw_series 3_2014,11
9KOX74S1ZJZTGRJTVIDH.jpg,./databases/Sampledb/mercedes benz_b 180_2013/9KOX74S1ZJZTGRJTVIDH.jpg,mercedes benz_b 180_2013,5
DTSWA4ACQ1HD34N07A8L.jpg,./databases/Sampledb/audi_a3_2006/DTSWA4ACQ1HD34N07A8L.jpg,audi_a3_2006,1
06DBVEKBYOPBTQSY3PTV.jpg,./databases/Sampledb/audi_a3_2006/06DBVEKBYOPBTQSY3PTV.jpg,audi_a3_2006,1
412HSQLZ6YMQTWC4LX0T.jpg,./databases/Sampledb/audi_a3_2006/412HSQLZ6YMQTWC4LX0T.jpg,audi_a3_2006,1
085EM6RXJS3EMCW6E2SN.jpg,./databases/Sampledb/audi_a3_2006/085EM6RXJS3EMCW6E2SN.jpg,audi_a3_2006,1
R3DWY1WC72O0DWPJD2CU.jpg,./databases/Sampledb/bmw_series 3_2014/R3DWY1WC72O0DWPJD2CU.jpg,bmw_series 3_2014,11
N0O1KZ78KNFUYHKSX6LW.jpg,./databases/Sampledb/audi_a3_2006/N0O1KZ78KNFUYHKSX6LW.jpg,audi_a3_2006,1
7HABHSLVSXMNNZQUBCL9.jpg,./databases/Sampledb/audi_a3_2006/7HABHSLVSXMNNZQUBCL9.jpg,audi_a3_2006,1
2KXZDPKW54C0WU6UOK0A.jpg,./databases/Sampledb/audi_a3_2006/2KXZDPKW54C0WU6UOK0A.jpg,audi_a3_2006,1
I7ZTVX4KUS99180SXWN6.jpg,./databases/Sampledb/mercedes benz_b 180_2014/I7ZTVX4KUS99180SXWN6.jpg,mercedes benz_b 180_2014,8
P4O5N7F5IR13IN3ZO6R8.jpg,./databases/Sampledb/bmw_series 3_2014/P4O5N7F5IR13IN3ZO6R8.jpg,bmw_series 3_2014,11
R9AMURVZRB5OGE76BPZI.jpg,./databases/Sampledb/audi_a3_2006/R9AMURVZRB5OGE76BPZI.jpg,audi_a3_2006,1
0QGO9W42MANJH0D6T24X.jpg,./databases/Sampledb/bmw_318_2010/0QGO9W42MANJH0D6T24X.jpg,bmw_318_2010,12
8961O8766GXZX9ERT4C3.jpg,./databases/Sampledb/mercedes benz_b 180_2013/8961O8766GXZX9ERT4C3.jpg,mercedes benz_b 180_2013,5
IGEH8NK8PRU349H6S768.jpg,./databases/Sampledb/audi_a3_2006/IGEH8NK8PRU349H6S768.jpg,audi_a3_2006,1
X31F2ER5KHCA67LGRTZH.jpg,./databases/Sampledb/audi_a3_2006/X31F2ER5KHCA67LGRTZH.jpg,audi_a3_2006,1
4KPIO186NN1U02OAR2U2.jpg,./databases/Sampledb/audi_a3_2006/4KPIO186NN1U02OAR2U2.jpg,audi_a3_2006,1
JRC049KTBJ0I2B7EWECH.jpg,./databases/Sampledb/audi_a3_2006/JRC049KTBJ0I2B7EWECH.jpg,audi_a3_2006,1
OXY50S9V71KQ5PA5FNPY.jpg,./databases/Sampledb/audi_a3_2006/OXY50S9V71KQ5PA5FNPY.jpg,audi_a3_2006,1
42QJ4GBACMHZ2B0X8EL0.jpg,./databases/Sampledb/audi_a3_2006/42QJ4GBACMHZ2B0X8EL0.jpg,audi_a3_2006,1
VZBISYVKC28FEQDWX5YH.jpg,./databases/Sampledb/audi_a3_2006/VZBISYVKC28FEQDWX5YH.jpg,audi_a3_2006,1
QM2G74N5BY5T9V9XI491.jpg,./databases/Sampledb/audi_a3_2006/QM2G74N5BY5T9V9XI491.jpg,audi_a3_2006,1
YJD4APOHM9DXHRW0ZCRT.jpg,./databases/Sampledb/audi_a3_2006/YJD4APOHM9DXHRW0ZCRT.jpg,audi_a3_2006,1
SGFC69JJYBVJ5CVI9B37.jpg,./databases/Sampledb/audi_a3_2006/SGFC69JJYBVJ5CVI9B37.jpg,audi_a3_2006,1
KSTAGHFA7IYA4JYHEW45.jpg,./databases/Sampledb/audi_a3_2006/KSTAGHFA7IYA4JYHEW45.jpg,audi_a3_2006,1
BXGVTF5H5O76THFZXQTX.jpg,./databases/Sampledb/bmw_series 3_2014/BXGVTF5H5O76THFZXQTX.jpg,bmw_series 3_2014,11
K5CA8M5OIJV5ILRW5823.jpg,./databases/Sampledb/dacia_sandero_2008/K5CA8M5OIJV5ILRW5823.jpg,dacia_sandero_2008,4
XLEUO44206C50W2BVV01.jpg,./databases/Sampledb/mercedes benz_b 180_2013/XLEUO44206C50W2BVV01.jpg,mercedes benz_b 180_2013,5
2YOFNCDL4YQ3WZ04TYFF.jpg,./databases/Sampledb/audi_a3_2006/2YOFNCDL4YQ3WZ04TYFF.jpg,audi_a3_2006,1
EEZV9Y5IJJLI3I2MF7ZJ.jpg,./databases/Sampledb/mercedes benz_b 180_2013/EEZV9Y5IJJLI3I2MF7ZJ.jpg,mercedes benz_b 180_2013,5
WDYBEXPWYWQJT5OMPF1R.jpg,./databases/Sampledb/audi_a2_2001/WDYBEXPWYWQJT5OMPF1R.jpg,audi_a2_2001,0
ZCC7OUOXXDI03YST30CL.jpg,./databases/Sampledb/bmw_x5_2019/ZCC7OUOXXDI03YST30CL.jpg,bmw_x5_2019,2
C6AOC0RJ31X58DTCLSPZ.jpg,./databases/Sampledb/audi_a3_2006/C6AOC0RJ31X58DTCLSPZ.jpg,audi_a3_2006,1
E1JU6KTFGGV6NCL53AEF.jpg,./databases/Sampledb/mercedes benz_b 180_2013/E1JU6KTFGGV6NCL53AEF.jpg,mercedes benz_b 180_2013,5
TL6U9Q5W86DG6CFP1LKC.jpg,./databases/Sampledb/audi_a3_2006/TL6U9Q5W86DG6CFP1LKC.jpg,audi_a3_2006,1
LSGV24ZN02MA481AZ6XA.jpg,./databases/Sampledb/audi_a3_2006/LSGV24ZN02MA481AZ6XA.jpg,audi_a3_2006,1
2PD3LUT7ZZN34S3LIR9E.jpg,./databases/Sampledb/bmw_318_2010/2PD3LUT7ZZN34S3LIR9E.jpg,bmw_318_2010,12
WGQGNTK7TFVEZ0M2FXFE.jpg,./databases/Sampledb/mercedes benz_200_2016/WGQGNTK7TFVEZ0M2FXFE.jpg,mercedes benz_200_2016,13
3WZJIGW3F37PGZB7MF9F.jpg,./databases/Sampledb/audi_a2_2001/3WZJIGW3F37PGZB7MF9F.jpg,audi_a2_2001,0
POI9319PIQMUW3BZH5E0.jpg,./databases/Sampledb/audi_a3_2006/POI9319PIQMUW3BZH5E0.jpg,audi_a3_2006,1
TRUH79PMVN20E0VECI6B.jpg,./databases/Sampledb/audi_a3_2006/TRUH79PMVN20E0VECI6B.jpg,audi_a3_2006,1
G77DNT2VS7QTC4SEOECL.jpg,./databases/Sampledb/audi_a3_2006/G77DNT2VS7QTC4SEOECL.jpg,audi_a3_2006,1
E65S4BKRGHLWO1DWLFVE.jpg,./databases/Sampledb/mercedes benz_200_2016/E65S4BKRGHLWO1DWLFVE.jpg,mercedes benz_200_2016,13
VFNF9BYTPC2DJF6FH4VW.jpg,./databases/Sampledb/mercedes benz_200_2016/VFNF9BYTPC2DJF6FH4VW.jpg,mercedes benz_200_2016,13
W8CY28155CUGRLANLX43.jpg,./databases/Sampledb/audi_a3_2006/W8CY28155CUGRLANLX43.jpg,audi_a3_2006,1
J5HV1CF0KO9ATW3LLNYL.jpg,./databases/Sampledb/audi_a3_2006/J5HV1CF0KO9ATW3LLNYL.jpg,audi_a3_2006,1
8TKPHMVQMAT26VYG1IYQ.jpg,./databases/Sampledb/mercedes benz_b 180_2013/8TKPHMVQMAT26VYG1IYQ.jpg,mercedes benz_b 180_2013,5
S5D7NS7R4R5HDMACCGBR.jpg,./databases/Sampledb/audi_a3_2006/S5D7NS7R4R5HDMACCGBR.jpg,audi_a3_2006,1
8M7FXC6WPJJBGW5PUWQH.jpg,./databases/Sampledb/bmw_318_2010/8M7FXC6WPJJBGW5PUWQH.jpg,bmw_318_2010,12
B0W7B8ZHCH3GVAPGYHOJ.jpg,./databases/Sampledb/audi_a3_2006/B0W7B8ZHCH3GVAPGYHOJ.jpg,audi_a3_2006,1
PFCUDE64JWLKVFGJOGZK.jpg,./databases/Sampledb/bmw_318_2010/PFCUDE64JWLKVFGJOGZK.jpg,bmw_318_2010,12
WIL8UKF0ZFZXQUVCN7GH.jpg,./databases/Sampledb/audi_a3_2006/WIL8UKF0ZFZXQUVCN7GH.jpg,audi_a3_2006,1
W7NBVNGM5UU6URQ1FFE2.jpg,./databases/Sampledb/mercedes benz_b 180_2014/W7NBVNGM5UU6URQ1FFE2.jpg,mercedes benz_b 180_2014,8
LECBM8VYJAS1FWR4O8GT.jpg,./databases/Sampledb/mercedes benz_b 180_2013/LECBM8VYJAS1FWR4O8GT.jpg,mercedes benz_b 180_2013,5
6I6IT4UMXW2CR4M9ULTG.jpg,./databases/Sampledb/audi_a3_2006/6I6IT4UMXW2CR4M9ULTG.jpg,audi_a3_2006,1
WA4I8DUFR8XJOHWPPUWH.jpg,./databases/Sampledb/audi_a3_2006/WA4I8DUFR8XJOHWPPUWH.jpg,audi_a3_2006,1
68UGIWV5VF3O05UMVB7U.jpg,./databases/Sampledb/mercedes benz_b 180_2013/68UGIWV5VF3O05UMVB7U.jpg,mercedes benz_b 180_2013,5
INMD4IZI7BU2DF0GUWE0.jpg,./databases/Sampledb/audi_a3_2006/INMD4IZI7BU2DF0GUWE0.jpg,audi_a3_2006,1
U2W56RBZVZKU6BC123GU.jpg,./databases/Sampledb/mercedes benz_190_1993/U2W56RBZVZKU6BC123GU.jpg,mercedes benz_190_1993,3
E6XGNI4RI32ID7CWE2U8.jpg,./databases/Sampledb/dacia_sandero_2015/E6XGNI4RI32ID7CWE2U8.jpg,dacia_sandero_2015,10
5C98KW03HN9ACJ3P1TK3.jpg,./databases/Sampledb/audi_a3_2006/5C98KW03HN9ACJ3P1TK3.jpg,audi_a3_2006,1
7ILJHI6NAQ76745IVKDX.jpg,./databases/Sampledb/audi_a3_2006/7ILJHI6NAQ76745IVKDX.jpg,audi_a3_2006,1
V2N7UBHUNL7QOGDFKFZW.jpg,./databases/Sampledb/mercedes benz_b 180_2014/V2N7UBHUNL7QOGDFKFZW.jpg,mercedes benz_b 180_2014,8
67D006C9WYJO9GPWVH13.jpg,./databases/Sampledb/audi_a3_2006/67D006C9WYJO9GPWVH13.jpg,audi_a3_2006,1
TPJ3KSKIIO8O2QBKVAPC.jpg,./databases/Sampledb/audi_a3_2006/TPJ3KSKIIO8O2QBKVAPC.jpg,audi_a3_2006,1
T0OJXVI7M5B50QV2EQYF.jpg,./databases/Sampledb/dacia_sandero_2008/T0OJXVI7M5B50QV2EQYF.jpg,dacia_sandero_2008,4
0I7Y67B385LA00BPS5OL.jpg,./databases/Sampledb/audi_a3_2006/0I7Y67B385LA00BPS5OL.jpg,audi_a3_2006,1
5VL29ACZH4U636BECG04.jpg,./databases/Sampledb/audi_a3_2006/5VL29ACZH4U636BECG04.jpg,audi_a3_2006,1
SP2YGRJF28LM8BP0I1ZL.jpg,./databases/Sampledb/audi_a3_2006/SP2YGRJF28LM8BP0I1ZL.jpg,audi_a3_2006,1
05ZQBUU4Z719G3IR8PBW.jpg,./databases/Sampledb/mercedes benz_b 180_2013/05ZQBUU4Z719G3IR8PBW.jpg,mercedes benz_b 180_2013,5
H7PIHJWPPK29AWHI4D87.jpg,./databases/Sampledb/audi_a3_2006/H7PIHJWPPK29AWHI4D87.jpg,audi_a3_2006,1
VL0OWY6XE85KJLWO99JB.jpg,./databases/Sampledb/audi_a3_2006/VL0OWY6XE85KJLWO99JB.jpg,audi_a3_2006,1
DI20CXFZGNZ5Q23Z2UWP.jpg,./databases/Sampledb/audi_a3_2006/DI20CXFZGNZ5Q23Z2UWP.jpg,audi_a3_2006,1
GHXHOHG93A3CSXH28ZE6.jpg,./databases/Sampledb/audi_a3_2006/GHXHOHG93A3CSXH28ZE6.jpg,audi_a3_2006,1
05H1LQKRQL07GZWPHSU5.jpg,./databases/Sampledb/mercedes benz_b 180_2014/05H1LQKRQL07GZWPHSU5.jpg,mercedes benz_b 180_2014,8
285HP7PGBJ3TQ19TI75P.jpg,./databases/Sampledb/audi_a3_2006/285HP7PGBJ3TQ19TI75P.jpg,audi_a3_2006,1
867919CHUK9TZO6XCS62.jpg,./databases/Sampledb/audi_a3_2006/867919CHUK9TZO6XCS62.jpg,audi_a3_2006,1
RIOKF9HQ0MN4DNLBDH6G.jpg,./databases/Sampledb/mercedes benz_b 180_2013/RIOKF9HQ0MN4DNLBDH6G.jpg,mercedes benz_b 180_2013,5
H63ONHZ3W37WG8RE8GQC.jpg,./databases/Sampledb/audi_a3_2006/H63ONHZ3W37WG8RE8GQC.jpg,audi_a3_2006,1
OQ2NO4QJ6QDIGWEDOOOF.jpg,./databases/Sampledb/audi_a2_2001/OQ2NO4QJ6QDIGWEDOOOF.jpg,audi_a2_2001,0
S3SZK70PFX938UAE8UM7.jpg,./databases/Sampledb/audi_a3_2006/S3SZK70PFX938UAE8UM7.jpg,audi_a3_2006,1
5CMES0AS9BY9QSYDVG6Q.jpg,./databases/Sampledb/bmw_series 3_2014/5CMES0AS9BY9QSYDVG6Q.jpg,bmw_series 3_2014,11
KLXEQ6SB2GJFCCSLN3ZI.jpg,./databases/Sampledb/mercedes benz_b 180_2013/KLXEQ6SB2GJFCCSLN3ZI.jpg,mercedes benz_b 180_2013,5
QCM5DHIU5D5JN5X037QN.jpg,./databases/Sampledb/audi_a3_2006/QCM5DHIU5D5JN5X037QN.jpg,audi_a3_2006,1
M9CMO9J5QEZOEXBH23Z4.jpg,./databases/Sampledb/mercedes benz_190_1993/M9CMO9J5QEZOEXBH23Z4.jpg,mercedes benz_190_1993,3
NPTVDUOCSMAYUBLKT8CO.jpg,./databases/Sampledb/mercedes benz_b 180_2013/NPTVDUOCSMAYUBLKT8CO.jpg,mercedes benz_b 180_2013,5
5ZQH5WK8EXLULPD2MK0D.jpg,./databases/Sampledb/audi_a3_2006/5ZQH5WK8EXLULPD2MK0D.jpg,audi_a3_2006,1
Y6M7YGXY9XMIS6HM7KUG.jpg,./databases/Sampledb/audi_a3_2006/Y6M7YGXY9XMIS6HM7KUG.jpg,audi_a3_2006,1
NRU5V4VGIWKL8MECW93R.jpg,./databases/Sampledb/dacia_logan_2012/NRU5V4VGIWKL8MECW93R.jpg,dacia_logan_2012,9
WKO15K578RIMM8WP07HD.jpg,./databases/Sampledb/audi_a2_2001/WKO15K578RIMM8WP07HD.jpg,audi_a2_2001,0
MYECNO7BYKX0M5ZZQLE1.jpg,./databases/Sampledb/audi_a3_2006/MYECNO7BYKX0M5ZZQLE1.jpg,audi_a3_2006,1
C3AJHI1E6V1NR08WF9DX.jpg,./databases/Sampledb/audi_q7_2011/C3AJHI1E6V1NR08WF9DX.jpg,audi_q7_2011,7
T2VQY75BQJ3RX7EV36EO.jpg,./databases/Sampledb/mercedes benz_b 180_2013/T2VQY75BQJ3RX7EV36EO.jpg,mercedes benz_b 180_2013,5
Q1TS04DDWRQF01UP9Q5R.jpg,./databases/Sampledb/mercedes benz_190_1993/Q1TS04DDWRQF01UP9Q5R.jpg,mercedes benz_190_1993,3
1QH3V36PDD5MV64DK4WS.jpg,./databases/Sampledb/bmw_318_2010/1QH3V36PDD5MV64DK4WS.jpg,bmw_318_2010,12
VYUPFOA10JFKZYKYMGX8.jpg,./databases/Sampledb/dacia_sandero_2015/VYUPFOA10JFKZYKYMGX8.jpg,dacia_sandero_2015,10
9RYZUXJUL796131GLSU4.jpg,./databases/Sampledb/audi_a3_2006/9RYZUXJUL796131GLSU4.jpg,audi_a3_2006,1
H3HOSYMPWSBKX0CNKTCW.jpg,./databases/Sampledb/audi_a3_2006/H3HOSYMPWSBKX0CNKTCW.jpg,audi_a3_2006,1
BQFLZFR8JV0SDVGV5B6K.jpg,./databases/Sampledb/mercedes benz_b 180_2013/BQFLZFR8JV0SDVGV5B6K.jpg,mercedes benz_b 180_2013,5
V1AX88UX5LRQ3IFWNTED.jpg,./databases/Sampledb/audi_a3_2006/V1AX88UX5LRQ3IFWNTED.jpg,audi_a3_2006,1
3TCEQX9I1F3K5BNUEHMR.jpg,./databases/Sampledb/audi_a3_2006/3TCEQX9I1F3K5BNUEHMR.jpg,audi_a3_2006,1
GRG3DSC13JOIRDPKPHR6.jpg,./databases/Sampledb/mercedes benz_190_1993/GRG3DSC13JOIRDPKPHR6.jpg,mercedes benz_190_1993,3
7SL5C6II6XUT51LP9UQ9.jpg,./databases/Sampledb/bmw_series 3_2014/7SL5C6II6XUT51LP9UQ9.jpg,bmw_series 3_2014,11
FI15TXBZTNJVKOIS1PVC.jpg,./databases/Sampledb/audi_a3_2006/FI15TXBZTNJVKOIS1PVC.jpg,audi_a3_2006,1
NMH6PFF5LLFCFBJVZAQ4.jpg,./databases/Sampledb/audi_a3_2006/NMH6PFF5LLFCFBJVZAQ4.jpg,audi_a3_2006,1
8SJ5CMX9IFHXK79M52MN.jpg,./databases/Sampledb/audi_a3_2006/8SJ5CMX9IFHXK79M52MN.jpg,audi_a3_2006,1
1OJ6AUIBEBUWIVJT2HZE.jpg,./databases/Sampledb/audi_a3_2006/1OJ6AUIBEBUWIVJT2HZE.jpg,audi_a3_2006,1
QGA1WNMX1HZEY3PX3WR5.jpg,./databases/Sampledb/mercedes benz_b 180_2013/QGA1WNMX1HZEY3PX3WR5.jpg,mercedes benz_b 180_2013,5
EG29V6NU4HF36TZEGRKG.jpg,./databases/Sampledb/mercedes benz_b 180_2014/EG29V6NU4HF36TZEGRKG.jpg,mercedes benz_b 180_2014,8
RNPQDRI434PWPNEWUTYY.jpg,./databases/Sampledb/audi_a3_2006/RNPQDRI434PWPNEWUTYY.jpg,audi_a3_2006,1
CDQ987R3EFP89BBWON5V.jpg,./databases/Sampledb/audi_a3_2006/CDQ987R3EFP89BBWON5V.jpg,audi_a3_2006,1
9NPBGF4AS9X2BVPOC5UD.jpg,./databases/Sampledb/mercedes benz_b 180_2013/9NPBGF4AS9X2BVPOC5UD.jpg,mercedes benz_b 180_2013,5
JJJK855KEDKP30M973ND.jpg,./databases/Sampledb/dacia_sandero_2015/JJJK855KEDKP30M973ND.jpg,dacia_sandero_2015,10
6FPM10YXFQHJ4TWPEAZ4.jpg,./databases/Sampledb/bmw_x5_2019/6FPM10YXFQHJ4TWPEAZ4.jpg,bmw_x5_2019,2
JWSJJRJMZJRURYWJG3JO.jpg,./databases/Sampledb/audi_a3_2006/JWSJJRJMZJRURYWJG3JO.jpg,audi_a3_2006,1
RGBDAD6M98NMT47EJJPF.jpg,./databases/Sampledb/mercedes benz_190_1993/RGBDAD6M98NMT47EJJPF.jpg,mercedes benz_190_1993,3
5OGY9XLE07RZ3IKC5KCP.jpg,./databases/Sampledb/dacia_logan_2012/5OGY9XLE07RZ3IKC5KCP.jpg,dacia_logan_2012,9
YM364JUJ8KM4CBD9OBES.jpg,./databases/Sampledb/audi_a3_2006/YM364JUJ8KM4CBD9OBES.jpg,audi_a3_2006,1
6ABOL6LMOPPP8666A8Y6.jpg,./databases/Sampledb/audi_q7_2011/6ABOL6LMOPPP8666A8Y6.jpg,audi_q7_2011,7
U01ZCV5TT87AWNY1LFDG.jpg,./databases/Sampledb/audi_a3_2006/U01ZCV5TT87AWNY1LFDG.jpg,audi_a3_2006,1
IYLN3SZON3AC3L40GG5D.jpg,./databases/Sampledb/audi_a3_2006/IYLN3SZON3AC3L40GG5D.jpg,audi_a3_2006,1
3KR3OU6CK7LETH39QEW4.jpg,./databases/Sampledb/audi_a3_2006/3KR3OU6CK7LETH39QEW4.jpg,audi_a3_2006,1
65J80K49AWBMQP23M4EX.jpg,./databases/Sampledb/audi_a3_2006/65J80K49AWBMQP23M4EX.jpg,audi_a3_2006,1
DFHZVZ3L9URQI60OTC29.jpg,./databases/Sampledb/audi_a3_2006/DFHZVZ3L9URQI60OTC29.jpg,audi_a3_2006,1
L6A24AY5BJ4PAALGB6TS.jpg,./databases/Sampledb/audi_a3_2006/L6A24AY5BJ4PAALGB6TS.jpg,audi_a3_2006,1
6L3PPDH664PW6T8IVFQO.jpg,./databases/Sampledb/audi_a3_2006/6L3PPDH664PW6T8IVFQO.jpg,audi_a3_2006,1
ZAGX0DWXCG0PS61PEFU5.jpg,./databases/Sampledb/mercedes benz_b 180_2013/ZAGX0DWXCG0PS61PEFU5.jpg,mercedes benz_b 180_2013,5
NNBL02QW69V023J2GQKE.jpg,./databases/Sampledb/mercedes benz_190_1993/NNBL02QW69V023J2GQKE.jpg,mercedes benz_190_1993,3
LB7RF7D9LL782T0URV5V.jpg,./databases/Sampledb/audi_a3_2006/LB7RF7D9LL782T0URV5V.jpg,audi_a3_2006,1
N2LMY1MWVSJ684G5P8XC.jpg,./databases/Sampledb/mercedes benz_b 180_2014/N2LMY1MWVSJ684G5P8XC.jpg,mercedes benz_b 180_2014,8
F4BL0FHHO4RXFDGC1VHQ.jpg,./databases/Sampledb/bmw_series 3_2014/F4BL0FHHO4RXFDGC1VHQ.jpg,bmw_series 3_2014,11
UIGGYKKF19E5A8YKWJVN.jpg,./databases/Sampledb/mercedes benz_b 180_2014/UIGGYKKF19E5A8YKWJVN.jpg,mercedes benz_b 180_2014,8
V7L0DG4HC90N7AREFUFY.jpg,./databases/Sampledb/audi_a3_2006/V7L0DG4HC90N7AREFUFY.jpg,audi_a3_2006,1
9L5FU07KH5TBICZ0FZFX.jpg,./databases/Sampledb/audi_a3_2006/9L5FU07KH5TBICZ0FZFX.jpg,audi_a3_2006,1
TK1SE97GYB1ZLWWSU0XA.jpg,./databases/Sampledb/dacia_sandero_2015/TK1SE97GYB1ZLWWSU0XA.jpg,dacia_sandero_2015,10
UM2SSPN18T059HCHOFJQ.jpg,./databases/Sampledb/bmw_x5_2019/UM2SSPN18T059HCHOFJQ.jpg,bmw_x5_2019,2
1T0O6BQK4FR4S2PBNE18.jpg,./databases/Sampledb/audi_a3_2006/1T0O6BQK4FR4S2PBNE18.jpg,audi_a3_2006,1
SNNIA5FOHY9QRET2UCGK.jpg,./databases/Sampledb/audi_a3_2006/SNNIA5FOHY9QRET2UCGK.jpg,audi_a3_2006,1
97UZ3GYXQXIYQIDKXJP2.jpg,./databases/Sampledb/bmw_series 3_2014/97UZ3GYXQXIYQIDKXJP2.jpg,bmw_series 3_2014,11
B1ILOB2KXJCF8JCQFW4H.jpg,./databases/Sampledb/audi_a3_2006/B1ILOB2KXJCF8JCQFW4H.jpg,audi_a3_2006,1
C33UDN14L0GKICKGOFC2.jpg,./databases/Sampledb/audi_a3_2006/C33UDN14L0GKICKGOFC2.jpg,audi_a3_2006,1
W3VNQXW1CGBTYWHUYQP8.jpg,./databases/Sampledb/mercedes benz_b 180_2013/W3VNQXW1CGBTYWHUYQP8.jpg,mercedes benz_b 180_2013,5
Z8ITZXXOLFGMV4NSDUVW.jpg,./databases/Sampledb/mercedes benz_b 180_2014/Z8ITZXXOLFGMV4NSDUVW.jpg,mercedes benz_b 180_2014,8
1IYDYCXDRFNLQEEP2005.jpg,./databases/Sampledb/audi_a3_2006/1IYDYCXDRFNLQEEP2005.jpg,audi_a3_2006,1
PDT6BKWJ5N6SU5F31OER.jpg,./databases/Sampledb/audi_a3_2006/PDT6BKWJ5N6SU5F31OER.jpg,audi_a3_2006,1
H5CG3VTTDJ794KHRM57J.jpg,./databases/Sampledb/audi_a3_2006/H5CG3VTTDJ794KHRM57J.jpg,audi_a3_2006,1
1MTG13WPU2PK5A74YTTT.jpg,./databases/Sampledb/audi_a3_2006/1MTG13WPU2PK5A74YTTT.jpg,audi_a3_2006,1
4CEVRGB174ATOEWPLJLE.jpg,./databases/Sampledb/audi_a3_2006/4CEVRGB174ATOEWPLJLE.jpg,audi_a3_2006,1
DXK0ZE8USIFWQHMRWVAE.jpg,./databases/Sampledb/bmw_318_2010/DXK0ZE8USIFWQHMRWVAE.jpg,bmw_318_2010,12
2ZPBSBOMWGYNCMQGTKCE.jpg,./databases/Sampledb/audi_a3_2006/2ZPBSBOMWGYNCMQGTKCE.jpg,audi_a3_2006,1
CA73L5M6SYZMLTW15MDG.jpg,./databases/Sampledb/audi_a3_2006/CA73L5M6SYZMLTW15MDG.jpg,audi_a3_2006,1
IT2LRTAM87XHQW25PMQR.jpg,./databases/Sampledb/mercedes benz_b 180_2013/IT2LRTAM87XHQW25PMQR.jpg,mercedes benz_b 180_2013,5
VRKOJFNEZ8XG9TK6VOJJ.jpg,./databases/Sampledb/mercedes benz_190_1993/VRKOJFNEZ8XG9TK6VOJJ.jpg,mercedes benz_190_1993,3
BLZGEO1HMTZVKAY5JX1J.jpg,./databases/Sampledb/bmw_series 3_2014/BLZGEO1HMTZVKAY5JX1J.jpg,bmw_series 3_2014,11
07YS03KXQTPJEXBJFHU8.jpg,./databases/Sampledb/bmw_318_2010/07YS03KXQTPJEXBJFHU8.jpg,bmw_318_2010,12
I8HNV6QIW5Q70T53ZM33.jpg,./databases/Sampledb/dacia_logan_2012/I8HNV6QIW5Q70T53ZM33.jpg,dacia_logan_2012,9
M4RWB6QIT6FYC5JGESDR.jpg,./databases/Sampledb/mercedes benz_b 180_2013/M4RWB6QIT6FYC5JGESDR.jpg,mercedes benz_b 180_2013,5
1987TF11Z5ZYZ80E8K2F.jpg,./databases/Sampledb/mercedes benz_b 180_2013/1987TF11Z5ZYZ80E8K2F.jpg,mercedes benz_b 180_2013,5
961S5VN3GTYU34ZNZUNQ.jpg,./databases/Sampledb/bmw_series 3_2014/961S5VN3GTYU34ZNZUNQ.jpg,bmw_series 3_2014,11
0GMJDS44AKRV0T7NE3AT.jpg,./databases/Sampledb/audi_a3_2006/0GMJDS44AKRV0T7NE3AT.jpg,audi_a3_2006,1
GC3WMMPJ6TV8W0BO2CG5.jpg,./databases/Sampledb/audi_a3_2006/GC3WMMPJ6TV8W0BO2CG5.jpg,audi_a3_2006,1
KOCNJ1FPS83TQW83YDVU.jpg,./databases/Sampledb/audi_a3_2006/KOCNJ1FPS83TQW83YDVU.jpg,audi_a3_2006,1
NKE1T7ABQMS4PUS7SZSA.jpg,./databases/Sampledb/mercedes benz_b 180_2014/NKE1T7ABQMS4PUS7SZSA.jpg,mercedes benz_b 180_2014,8
S0LN6DLEITY6KQRR558A.jpg,./databases/Sampledb/audi_a3_2006/S0LN6DLEITY6KQRR558A.jpg,audi_a3_2006,1
1N4463AXQRWO2ZOKBXZ8.jpg,./databases/Sampledb/mercedes benz_b 180_2013/1N4463AXQRWO2ZOKBXZ8.jpg,mercedes benz_b 180_2013,5
FSG7Z8UAH9JTO6TXSFR7.jpg,./databases/Sampledb/audi_a3_2006/FSG7Z8UAH9JTO6TXSFR7.jpg,audi_a3_2006,1
U1RTF2OMUSNJJN75NBYX.jpg,./databases/Sampledb/bmw_318_2010/U1RTF2OMUSNJJN75NBYX.jpg,bmw_318_2010,12
ILSQMPUASTVF021UOK4D.jpg,./databases/Sampledb/audi_a3_2006/ILSQMPUASTVF021UOK4D.jpg,audi_a3_2006,1
31FA130CDZAZIY6SQYBC.jpg,./databases/Sampledb/audi_a3_2006/31FA130CDZAZIY6SQYBC.jpg,audi_a3_2006,1
IE07N626NI9PI93R60B3.jpg,./databases/Sampledb/audi_a3_2006/IE07N626NI9PI93R60B3.jpg,audi_a3_2006,1
AWAY1OPI0QC9BQKEW92S.jpg,./databases/Sampledb/mercedes benz_b 180_2013/AWAY1OPI0QC9BQKEW92S.jpg,mercedes benz_b 180_2013,5
Q5SBTP2U8JJ2JKWGC5QB.jpg,./databases/Sampledb/audi_a3_2006/Q5SBTP2U8JJ2JKWGC5QB.jpg,audi_a3_2006,1
6X4CEELMDRDN52CV7UQJ.jpg,./databases/Sampledb/audi_a2_2001/6X4CEELMDRDN52CV7UQJ.jpg,audi_a2_2001,0
4WJJ8NXENCJU1ZPANQIH.jpg,./databases/Sampledb/audi_a3_2006/4WJJ8NXENCJU1ZPANQIH.jpg,audi_a3_2006,1
XV1P5N8NS85U4IZM0E2A.jpg,./databases/Sampledb/dacia_sandero_2015/XV1P5N8NS85U4IZM0E2A.jpg,dacia_sandero_2015,10
4TZWLNJI2PWLBHVCQD2F.jpg,./databases/Sampledb/audi_a3_2006/4TZWLNJI2PWLBHVCQD2F.jpg,audi_a3_2006,1
BKLGLRT53ESEWXFZKN2J.jpg,./databases/Sampledb/audi_a3_2006/BKLGLRT53ESEWXFZKN2J.jpg,audi_a3_2006,1
85WSMN9UWSRVKK072RXM.jpg,./databases/Sampledb/audi_a3_2006/85WSMN9UWSRVKK072RXM.jpg,audi_a3_2006,1
U73GIZM06Q8ILR3UF20H.jpg,./databases/Sampledb/mercedes benz_b 180_2013/U73GIZM06Q8ILR3UF20H.jpg,mercedes benz_b 180_2013,5
GVEQHHH4N2BFZF8VT2NM.jpg,./databases/Sampledb/dacia_sandero_2008/GVEQHHH4N2BFZF8VT2NM.jpg,dacia_sandero_2008,4
7LBS4T8KAXAG4AK37ION.jpg,./databases/Sampledb/audi_q7_2011/7LBS4T8KAXAG4AK37ION.jpg,audi_q7_2011,7
HCSQK6K8HERPEH592EAL.jpg,./databases/Sampledb/audi_a3_2006/HCSQK6K8HERPEH592EAL.jpg,audi_a3_2006,1
MT5P5EZ8BJ47ZQOLFC0N.jpg,./databases/Sampledb/bmw_series 3_2014/MT5P5EZ8BJ47ZQOLFC0N.jpg,bmw_series 3_2014,11
EEOXKSU9ZHUN72XZCXEA.jpg,./databases/Sampledb/audi_a3_2006/EEOXKSU9ZHUN72XZCXEA.jpg,audi_a3_2006,1
5ZDK5GW6PSQZEVSFNA3Y.jpg,./databases/Sampledb/audi_a3_2006/5ZDK5GW6PSQZEVSFNA3Y.jpg,audi_a3_2006,1
WFHTT8UWEBKSJHNWIC2J.jpg,./databases/Sampledb/audi_a3_2006/WFHTT8UWEBKSJHNWIC2J.jpg,audi_a3_2006,1
9D6QYC3DT9VTAJHM590W.jpg,./databases/Sampledb/bmw_series 3_2014/9D6QYC3DT9VTAJHM590W.jpg,bmw_series 3_2014,11
WMZK4L1GMRTB1AZDB1VA.jpg,./databases/Sampledb/mercedes benz_b 180_2013/WMZK4L1GMRTB1AZDB1VA.jpg,mercedes benz_b 180_2013,5
9QHNJJQKP6I8POZLJJU6.jpg,./databases/Sampledb/mercedes benz_b 180_2013/9QHNJJQKP6I8POZLJJU6.jpg,mercedes benz_b 180_2013,5
62RCEZI4T0D6IAL7GAXF.jpg,./databases/Sampledb/mercedes benz_b 180_2013/62RCEZI4T0D6IAL7GAXF.jpg,mercedes benz_b 180_2013,5
F7LPQ24QVP9DWQCIOLY8.jpg,./databases/Sampledb/mercedes benz_b 180_2013/F7LPQ24QVP9DWQCIOLY8.jpg,mercedes benz_b 180_2013,5
CL0N96Q7BE0LGE68QBV9.jpg,./databases/Sampledb/audi_a3_2006/CL0N96Q7BE0LGE68QBV9.jpg,audi_a3_2006,1
OFRYHYUPA2MI1EUYJ9IX.jpg,./databases/Sampledb/audi_a3_2006/OFRYHYUPA2MI1EUYJ9IX.jpg,audi_a3_2006,1
ZA5RTG5NZJPP3F55TN4N.jpg,./databases/Sampledb/bmw_series 3_2014/ZA5RTG5NZJPP3F55TN4N.jpg,bmw_series 3_2014,11
CUHQ5R62TKR53J09Z965.jpg,./databases/Sampledb/audi_q7_2011/CUHQ5R62TKR53J09Z965.jpg,audi_q7_2011,7
P8GL3DHLYLMAUYDJUHQF.jpg,./databases/Sampledb/mercedes benz_b 180_2013/P8GL3DHLYLMAUYDJUHQF.jpg,mercedes benz_b 180_2013,5
W0GPP0XZSV6A8U0Y5IUG.jpg,./databases/Sampledb/bmw_series 3_2014/W0GPP0XZSV6A8U0Y5IUG.jpg,bmw_series 3_2014,11
TM45YYOW3X9MY459UKOM.jpg,./databases/Sampledb/audi_a3_2006/TM45YYOW3X9MY459UKOM.jpg,audi_a3_2006,1
IURBR1UDGGSP58JGDV8N.jpg,./databases/Sampledb/audi_a3_2006/IURBR1UDGGSP58JGDV8N.jpg,audi_a3_2006,1
FQYE8KJF7W3C4BP6XYFE.jpg,./databases/Sampledb/audi_a3_2006/FQYE8KJF7W3C4BP6XYFE.jpg,audi_a3_2006,1
9LBYFZN8TMY56OZ94WTT.jpg,./databases/Sampledb/bmw_318_2010/9LBYFZN8TMY56OZ94WTT.jpg,bmw_318_2010,12
74AKJA2BWA2SHTTDA32B.jpg,./databases/Sampledb/audi_a2_2001/74AKJA2BWA2SHTTDA32B.jpg,audi_a2_2001,0
JE5F7E6BM33M8ETX412T.jpg,./databases/Sampledb/audi_a3_2006/JE5F7E6BM33M8ETX412T.jpg,audi_a3_2006,1
QHULVZ0QUPBDM4HGNEU6.jpg,./databases/Sampledb/bmw_series 3_2014/QHULVZ0QUPBDM4HGNEU6.jpg,bmw_series 3_2014,11
JY541Y7L5I72KRTKKCAX.jpg,./databases/Sampledb/dacia_sandero_2008/JY541Y7L5I72KRTKKCAX.jpg,dacia_sandero_2008,4
8M0NRPRJTVRT76WPRZFF.jpg,./databases/Sampledb/bmw_x5_2019/8M0NRPRJTVRT76WPRZFF.jpg,bmw_x5_2019,2
K3OVUGAVYWXL11DONN7B.jpg,./databases/Sampledb/audi_a3_2006/K3OVUGAVYWXL11DONN7B.jpg,audi_a3_2006,1
Y0LKWFY2NO1SFH91EKR1.jpg,./databases/Sampledb/audi_a3_2006/Y0LKWFY2NO1SFH91EKR1.jpg,audi_a3_2006,1
R6VR9Q7OEOFW4PY7E01J.jpg,./databases/Sampledb/audi_a3_2006/R6VR9Q7OEOFW4PY7E01J.jpg,audi_a3_2006,1
HCJ0ZZUIB0W77O8OZ2R7.jpg,./databases/Sampledb/audi_a2_2001/HCJ0ZZUIB0W77O8OZ2R7.jpg,audi_a2_2001,0
QBLV6O4TSD5NKZUXJIOI.jpg,./databases/Sampledb/audi_a3_2006/QBLV6O4TSD5NKZUXJIOI.jpg,audi_a3_2006,1
MG4G7OPEYQ8UPZZ0IFA7.jpg,./databases/Sampledb/audi_a3_2006/MG4G7OPEYQ8UPZZ0IFA7.jpg,audi_a3_2006,1
RG8OXI2MH4GVXUNLS2KU.jpg,./databases/Sampledb/mercedes benz_b 180_2014/RG8OXI2MH4GVXUNLS2KU.jpg,mercedes benz_b 180_2014,8
PT4LDL0CYDLYKZ3YV3F8.jpg,./databases/Sampledb/audi_a3_2006/PT4LDL0CYDLYKZ3YV3F8.jpg,audi_a3_2006,1
IOXQT3WVLDTQIFL1DRWH.jpg,./databases/Sampledb/mercedes benz_b 180_2013/IOXQT3WVLDTQIFL1DRWH.jpg,mercedes benz_b 180_2013,5
RI4W0FTQ1WPLBPTLPOUG.jpg,./databases/Sampledb/audi_a2_2001/RI4W0FTQ1WPLBPTLPOUG.jpg,audi_a2_2001,0
SBSYKNA6ROCUYR3N0FHX.jpg,./databases/Sampledb/mercedes benz_b 180_2013/SBSYKNA6ROCUYR3N0FHX.jpg,mercedes benz_b 180_2013,5
Q6CTZE5O79AEGW96N118.jpg,./databases/Sampledb/audi_a3_2006/Q6CTZE5O79AEGW96N118.jpg,audi_a3_2006,1
9YWGIC7FK3HDRWY1PZYC.jpg,./databases/Sampledb/audi_a3_2006/9YWGIC7FK3HDRWY1PZYC.jpg,audi_a3_2006,1
ZCW660C5OGR6RJM3V20H.jpg,./databases/Sampledb/bmw_x5_2019/ZCW660C5OGR6RJM3V20H.jpg,bmw_x5_2019,2
2KAEFCEV5XKPSOJ6G38Q.jpg,./databases/Sampledb/mercedes benz_b 180_2013/2KAEFCEV5XKPSOJ6G38Q.jpg,mercedes benz_b 180_2013,5
7NQEK4G3D45WZPEFQ4HG.jpg,./databases/Sampledb/mercedes benz_b 180_2013/7NQEK4G3D45WZPEFQ4HG.jpg,mercedes benz_b 180_2013,5
NGZUVKL2ROSDHGBRQIGF.jpg,./databases/Sampledb/audi_a2_2001/NGZUVKL2ROSDHGBRQIGF.jpg,audi_a2_2001,0
KEHE1E8VVGLYZ4UCQPYR.jpg,./databases/Sampledb/audi_a3_2006/KEHE1E8VVGLYZ4UCQPYR.jpg,audi_a3_2006,1
UVWKVNNT7C5AS08LMXFJ.jpg,./databases/Sampledb/bmw_318_2010/UVWKVNNT7C5AS08LMXFJ.jpg,bmw_318_2010,12
84RKS57SBRS8DJH0QIHC.jpg,./databases/Sampledb/bmw_series 3_2014/84RKS57SBRS8DJH0QIHC.jpg,bmw_series 3_2014,11
1OPDBDW5FTHLMDVFZADT.jpg,./databases/Sampledb/bmw_series 3_2014/1OPDBDW5FTHLMDVFZADT.jpg,bmw_series 3_2014,11
LI19HRW4UV5GOH02NDT1.jpg,./databases/Sampledb/audi_a3_2006/LI19HRW4UV5GOH02NDT1.jpg,audi_a3_2006,1
SQIPGFP1FEZ1529PYJDG.jpg,./databases/Sampledb/bmw_x5_2019/SQIPGFP1FEZ1529PYJDG.jpg,bmw_x5_2019,2
7SZE3TP780KXW3OSTE7I.jpg,./databases/Sampledb/bmw_series 3_2014/7SZE3TP780KXW3OSTE7I.jpg,bmw_series 3_2014,11
HX40PCJ6MF475P4NBV2C.jpg,./databases/Sampledb/audi_a3_2006/HX40PCJ6MF475P4NBV2C.jpg,audi_a3_2006,1
2E5Z6I9EZ5LB529FUXMD.jpg,./databases/Sampledb/mercedes benz_b 180_2013/2E5Z6I9EZ5LB529FUXMD.jpg,mercedes benz_b 180_2013,5
K6C8NDXOH8VNQMHAJBMS.jpg,./databases/Sampledb/audi_a3_2006/K6C8NDXOH8VNQMHAJBMS.jpg,audi_a3_2006,1
91ALYLBHGN7JGUUWXS16.jpg,./databases/Sampledb/audi_a3_2006/91ALYLBHGN7JGUUWXS16.jpg,audi_a3_2006,1
OY5F3T7RM1C85KFJ0DO0.jpg,./databases/Sampledb/audi_a3_2006/OY5F3T7RM1C85KFJ0DO0.jpg,audi_a3_2006,1
G62BLLVOPTZPY5Q3DPT6.jpg,./databases/Sampledb/bmw_series 3_2014/G62BLLVOPTZPY5Q3DPT6.jpg,bmw_series 3_2014,11
DLMNS4EQ3QIR941MMS5Y.jpg,./databases/Sampledb/mercedes benz_b 180_2013/DLMNS4EQ3QIR941MMS5Y.jpg,mercedes benz_b 180_2013,5
RTMLIG18NCHS9W5NYNWH.jpg,./databases/Sampledb/audi_a3_2006/RTMLIG18NCHS9W5NYNWH.jpg,audi_a3_2006,1
QSI06UTV6V3132ZHOOZZ.jpg,./databases/Sampledb/audi_a3_2006/QSI06UTV6V3132ZHOOZZ.jpg,audi_a3_2006,1
MPGBBEWCWJV11SHU08JA.jpg,./databases/Sampledb/audi_a2_2001/MPGBBEWCWJV11SHU08JA.jpg,audi_a2_2001,0
GLTM3L1A4K4KA6YBTDCQ.jpg,./databases/Sampledb/mercedes benz_190_1993/GLTM3L1A4K4KA6YBTDCQ.jpg,mercedes benz_190_1993,3
HDJHBU5AD9CL9VW2MIEN.jpg,./databases/Sampledb/audi_a3_2006/HDJHBU5AD9CL9VW2MIEN.jpg,audi_a3_2006,1
ILALVURU2BRIB6UT6Y4V.jpg,./databases/Sampledb/audi_a3_2006/ILALVURU2BRIB6UT6Y4V.jpg,audi_a3_2006,1
4Y3QZ80TW5GJ8UFB3SNZ.jpg,./databases/Sampledb/bmw_series 3_2014/4Y3QZ80TW5GJ8UFB3SNZ.jpg,bmw_series 3_2014,11
H8FVC12FHKJJ1WV33B09.jpg,./databases/Sampledb/audi_a3_2006/H8FVC12FHKJJ1WV33B09.jpg,audi_a3_2006,1
GFXP1NNJKLTXQEUOT0SZ.jpg,./databases/Sampledb/mercedes benz_b 180_2013/GFXP1NNJKLTXQEUOT0SZ.jpg,mercedes benz_b 180_2013,5
8V5J9Y6Y6LY3S06WLJJG.jpg,./databases/Sampledb/dacia_sandero_2015/8V5J9Y6Y6LY3S06WLJJG.jpg,dacia_sandero_2015,10
RVGKOZ5619BPANQPUHF5.jpg,./databases/Sampledb/bmw_series 3_2014/RVGKOZ5619BPANQPUHF5.jpg,bmw_series 3_2014,11
YYV5BAHOGC823RAZB3CN.jpg,./databases/Sampledb/mercedes benz_b 180_2013/YYV5BAHOGC823RAZB3CN.jpg,mercedes benz_b 180_2013,5
WMWBMBEJEC7PSNLWN7EJ.jpg,./databases/Sampledb/audi_a3_2006/WMWBMBEJEC7PSNLWN7EJ.jpg,audi_a3_2006,1
S7QBOCW3TP5VNCUYHVGI.jpg,./databases/Sampledb/audi_a3_2006/S7QBOCW3TP5VNCUYHVGI.jpg,audi_a3_2006,1
4U1D7QMPYDKRS83I4376.jpg,./databases/Sampledb/bmw_318_2010/4U1D7QMPYDKRS83I4376.jpg,bmw_318_2010,12
PG1OKAL5GEZYJXJOOJFI.jpg,./databases/Sampledb/bmw_series 3_2014/PG1OKAL5GEZYJXJOOJFI.jpg,bmw_series 3_2014,11
5EEEEGG2DCZVYJ4E4DPA.jpg,./databases/Sampledb/mercedes benz_b 180_2013/5EEEEGG2DCZVYJ4E4DPA.jpg,mercedes benz_b 180_2013,5
MN7Q0PSNBE10BTM6QNEU.jpg,./databases/Sampledb/audi_a3_2006/MN7Q0PSNBE10BTM6QNEU.jpg,audi_a3_2006,1
6CFUE5NAG2U8IM11YL4M.jpg,./databases/Sampledb/audi_a3_2006/6CFUE5NAG2U8IM11YL4M.jpg,audi_a3_2006,1
4AFBFYYQQATC9O9GTKNC.jpg,./databases/Sampledb/mercedes benz_b 180_2014/4AFBFYYQQATC9O9GTKNC.jpg,mercedes benz_b 180_2014,8
70HD8VTWHE3RN6Q1RSVP.jpg,./databases/Sampledb/audi_a2_2001/70HD8VTWHE3RN6Q1RSVP.jpg,audi_a2_2001,0
QQPGJSUQXEFP5U2YVI7L.jpg,./databases/Sampledb/audi_a3_2006/QQPGJSUQXEFP5U2YVI7L.jpg,audi_a3_2006,1
P23970SCY6GE0W5RJ9YS.jpg,./databases/Sampledb/mercedes benz_b 180_2013/P23970SCY6GE0W5RJ9YS.jpg,mercedes benz_b 180_2013,5
P5722O7HYHHV1W9AQUDO.jpg,./databases/Sampledb/audi_a3_2006/P5722O7HYHHV1W9AQUDO.jpg,audi_a3_2006,1
4SBDKKTFC62RW3GFXS0O.jpg,./databases/Sampledb/mercedes benz_b 180_2014/4SBDKKTFC62RW3GFXS0O.jpg,mercedes benz_b 180_2014,8
5MAI9RP4HD7D6OWALXSG.jpg,./databases/Sampledb/audi_a3_2006/5MAI9RP4HD7D6OWALXSG.jpg,audi_a3_2006,1
3AY4TDW4AIIYKHPWWWKX.jpg,./databases/Sampledb/audi_a3_2006/3AY4TDW4AIIYKHPWWWKX.jpg,audi_a3_2006,1
64JZ7AFFJ8S505XDX1AP.jpg,./databases/Sampledb/audi_a3_2006/64JZ7AFFJ8S505XDX1AP.jpg,audi_a3_2006,1
MIR36FE7V6BYPEH5UQHC.jpg,./databases/Sampledb/audi_a3_2006/MIR36FE7V6BYPEH5UQHC.jpg,audi_a3_2006,1
3RMAL0T39Z0B3Y8ECMVP.jpg,./databases/Sampledb/mercedes benz_190_1993/3RMAL0T39Z0B3Y8ECMVP.jpg,mercedes benz_190_1993,3
LOSXODVHYZV5Z7GT0AL2.jpg,./databases/Sampledb/mercedes benz_200_2016/LOSXODVHYZV5Z7GT0AL2.jpg,mercedes benz_200_2016,13
JD1KORJY0J7PU94996G8.jpg,./databases/Sampledb/audi_a3_2006/JD1KORJY0J7PU94996G8.jpg,audi_a3_2006,1
A7JWTQX66YKO4K8JZZQP.jpg,./databases/Sampledb/mercedes benz_b 180_2014/A7JWTQX66YKO4K8JZZQP.jpg,mercedes benz_b 180_2014,8
FC2WGMKD0A9S4QEKJHQA.jpg,./databases/Sampledb/mercedes benz_b 180_2013/FC2WGMKD0A9S4QEKJHQA.jpg,mercedes benz_b 180_2013,5
XVAY54BC1YVZ0SFYF3SN.jpg,./databases/Sampledb/dacia_sandero_2008/XVAY54BC1YVZ0SFYF3SN.jpg,dacia_sandero_2008,4
03BMTZ5UBG6EW28V60JO.jpg,./databases/Sampledb/mercedes benz_b 180_2013/03BMTZ5UBG6EW28V60JO.jpg,mercedes benz_b 180_2013,5
Y3H8PDBXT3J8GKMIY0LL.jpg,./databases/Sampledb/audi_a3_2006/Y3H8PDBXT3J8GKMIY0LL.jpg,audi_a3_2006,1
C4YP628A96BFTCKFYG9T.jpg,./databases/Sampledb/mercedes benz_b 180_2013/C4YP628A96BFTCKFYG9T.jpg,mercedes benz_b 180_2013,5
ZQD430UNWKGAYM9E2LA9.jpg,./databases/Sampledb/mercedes benz_b 180_2013/ZQD430UNWKGAYM9E2LA9.jpg,mercedes benz_b 180_2013,5
PNE54DCA783AGBULW9C9.jpg,./databases/Sampledb/audi_a3_2006/PNE54DCA783AGBULW9C9.jpg,audi_a3_2006,1
BQ0E3S5GNKRZVLEMWR74.jpg,./databases/Sampledb/audi_a3_2006/BQ0E3S5GNKRZVLEMWR74.jpg,audi_a3_2006,1
YXZDDH7PUCIK5GSNR05C.jpg,./databases/Sampledb/audi_a3_2006/YXZDDH7PUCIK5GSNR05C.jpg,audi_a3_2006,1
QN5G1N3Z2OKDDPGNVY9B.jpg,./databases/Sampledb/audi_a3_2006/QN5G1N3Z2OKDDPGNVY9B.jpg,audi_a3_2006,1
4RHS5GTJRUHLGVVBDGOG.jpg,./databases/Sampledb/mercedes benz_b 180_2014/4RHS5GTJRUHLGVVBDGOG.jpg,mercedes benz_b 180_2014,8
VD562661JWXQ3EHHFQCD.jpg,./databases/Sampledb/audi_q7_2011/VD562661JWXQ3EHHFQCD.jpg,audi_q7_2011,7
WCKKZVMWYTVO57BFMXAZ.jpg,./databases/Sampledb/dacia_sandero_2015/WCKKZVMWYTVO57BFMXAZ.jpg,dacia_sandero_2015,10
5FRVQ3DZ8S5A8EK1DB10.jpg,./databases/Sampledb/bmw_520_1997/5FRVQ3DZ8S5A8EK1DB10.jpg,bmw_520_1997,6
PKH9A3A9CDWZA2SFQKKN.jpg,./databases/Sampledb/mercedes benz_b 180_2014/PKH9A3A9CDWZA2SFQKKN.jpg,mercedes benz_b 180_2014,8
S9OV81YVM1DH3NUAJ0D4.jpg,./databases/Sampledb/audi_a3_2006/S9OV81YVM1DH3NUAJ0D4.jpg,audi_a3_2006,1
ZE0RA3BTXZBAFJXD0FPO.jpg,./databases/Sampledb/mercedes benz_b 180_2013/ZE0RA3BTXZBAFJXD0FPO.jpg,mercedes benz_b 180_2013,5
4Q1TVDY7U03YUKTAOPL8.jpg,./databases/Sampledb/bmw_series 3_2014/4Q1TVDY7U03YUKTAOPL8.jpg,bmw_series 3_2014,11
4LSB12B96ZT4ATFNC3K0.jpg,./databases/Sampledb/audi_a3_2006/4LSB12B96ZT4ATFNC3K0.jpg,audi_a3_2006,1
96IMNUR584B4HGBGGF1M.jpg,./databases/Sampledb/audi_a3_2006/96IMNUR584B4HGBGGF1M.jpg,audi_a3_2006,1
X9IB76MEULMJDZXO39Z3.jpg,./databases/Sampledb/audi_a3_2006/X9IB76MEULMJDZXO39Z3.jpg,audi_a3_2006,1
Z1IDL4K1NXRQZ6U3COBH.jpg,./databases/Sampledb/mercedes benz_190_1993/Z1IDL4K1NXRQZ6U3COBH.jpg,mercedes benz_190_1993,3
WR9BOHH0O9BESQ4OWOSV.jpg,./databases/Sampledb/audi_a3_2006/WR9BOHH0O9BESQ4OWOSV.jpg,audi_a3_2006,1
KMEMTJWDFDOTLHNGFSIG.jpg,./databases/Sampledb/audi_a3_2006/KMEMTJWDFDOTLHNGFSIG.jpg,audi_a3_2006,1
2YSN8QCCEJIMQ7JM1SVA.jpg,./databases/Sampledb/audi_a3_2006/2YSN8QCCEJIMQ7JM1SVA.jpg,audi_a3_2006,1
BZ4VC1PIE70NEN25FPH8.jpg,./databases/Sampledb/audi_a3_2006/BZ4VC1PIE70NEN25FPH8.jpg,audi_a3_2006,1
RB0C6IIQQHNM9I3AYI5L.jpg,./databases/Sampledb/audi_a3_2006/RB0C6IIQQHNM9I3AYI5L.jpg,audi_a3_2006,1
6S65TNL5D5EP6P1M3LSV.jpg,./databases/Sampledb/audi_a3_2006/6S65TNL5D5EP6P1M3LSV.jpg,audi_a3_2006,1
979IXH0EAL1QKXRUKD3A.jpg,./databases/Sampledb/dacia_sandero_2015/979IXH0EAL1QKXRUKD3A.jpg,dacia_sandero_2015,10
1Q4CWF8Q32U0J1BRSPFM.jpg,./databases/Sampledb/bmw_series 3_2014/1Q4CWF8Q32U0J1BRSPFM.jpg,bmw_series 3_2014,11
WSX1DAQ1KGN3S5ADSU7D.jpg,./databases/Sampledb/bmw_series 3_2014/WSX1DAQ1KGN3S5ADSU7D.jpg,bmw_series 3_2014,11
XYXFU4IUQNMR765T1ALM.jpg,./databases/Sampledb/audi_a3_2006/XYXFU4IUQNMR765T1ALM.jpg,audi_a3_2006,1
T7U267WQ5GNX2BNX4M22.jpg,./databases/Sampledb/audi_a3_2006/T7U267WQ5GNX2BNX4M22.jpg,audi_a3_2006,1
SPFESAWZSCEILH75FQ1K.jpg,./databases/Sampledb/audi_a3_2006/SPFESAWZSCEILH75FQ1K.jpg,audi_a3_2006,1
JYUEMQO1O0NSHNWZVHUM.jpg,./databases/Sampledb/audi_a3_2006/JYUEMQO1O0NSHNWZVHUM.jpg,audi_a3_2006,1
GSWPQ5GM5UAMXDY66NU3.jpg,./databases/Sampledb/mercedes benz_b 180_2014/GSWPQ5GM5UAMXDY66NU3.jpg,mercedes benz_b 180_2014,8
WG02QDJS1RSQXSVNTEDD.jpg,./databases/Sampledb/audi_a3_2006/WG02QDJS1RSQXSVNTEDD.jpg,audi_a3_2006,1
WR7TS45D9H3JANHEYIJI.jpg,./databases/Sampledb/mercedes benz_b 180_2014/WR7TS45D9H3JANHEYIJI.jpg,mercedes benz_b 180_2014,8
CC7HTLQKUK2XSHE3HL0J.jpg,./databases/Sampledb/bmw_series 3_2014/CC7HTLQKUK2XSHE3HL0J.jpg,bmw_series 3_2014,11
CDSWXZGIQO99FQIW9AJ6.jpg,./databases/Sampledb/bmw_series 3_2014/CDSWXZGIQO99FQIW9AJ6.jpg,bmw_series 3_2014,11
ZXY7QQZENHRR8P0NCU8L.jpg,./databases/Sampledb/mercedes benz_b 180_2013/ZXY7QQZENHRR8P0NCU8L.jpg,mercedes benz_b 180_2013,5
GSN0JXZA3H1U5VCAHSB3.jpg,./databases/Sampledb/audi_a3_2006/GSN0JXZA3H1U5VCAHSB3.jpg,audi_a3_2006,1
BA4N8KWZRU2QGNTVME5R.jpg,./databases/Sampledb/bmw_series 3_2014/BA4N8KWZRU2QGNTVME5R.jpg,bmw_series 3_2014,11
PEB7FYCQXT5QIKQYS6NH.jpg,./databases/Sampledb/audi_a3_2006/PEB7FYCQXT5QIKQYS6NH.jpg,audi_a3_2006,1
SROGBJDDLMHWOZYV2XHA.jpg,./databases/Sampledb/audi_a3_2006/SROGBJDDLMHWOZYV2XHA.jpg,audi_a3_2006,1
C35Z2ZTG9D83H5W8U10O.jpg,./databases/Sampledb/dacia_logan_2012/C35Z2ZTG9D83H5W8U10O.jpg,dacia_logan_2012,9
2FFT2LZ086L4DGLWS40Q.jpg,./databases/Sampledb/bmw_x5_2019/2FFT2LZ086L4DGLWS40Q.jpg,bmw_x5_2019,2
F2F7VY0VVLLW5VUHNGYY.jpg,./databases/Sampledb/mercedes benz_b 180_2013/F2F7VY0VVLLW5VUHNGYY.jpg,mercedes benz_b 180_2013,5
WWIZU0L6EQ58F6V5UQV6.jpg,./databases/Sampledb/audi_a3_2006/WWIZU0L6EQ58F6V5UQV6.jpg,audi_a3_2006,1
